[{
	"model": "Bangazon_api.producttype",
	"pk": 1,
	"fields": {
		"created": "2017-03-02T16:15:42.996Z",
		"label": "Toys"
	}
}, {
	"model": "Bangazon_api.producttype",
	"pk": 2,
	"fields": {
		"created": "2017-03-02T16:15:42.996Z",
		"label": "Tools"
	}
}, {
	"model": "Bangazon_api.producttype",
	"pk": 3,
	"fields": {
		"created": "2017-03-02T16:15:42.996Z",
		"label": "Food"
	}
}, {
	"model": "Bangazon_api.producttype",
	"pk": 4,
	"fields": {
		"created": "2017-03-02T16:15:42.996Z",
		"label": "ABC"
	}
}, {
	"model": "Bangazon_api.producttype",
	"pk": 5,
	"fields": {
		"created": "2017-03-02T16:15:42.996Z",
		"label": "Hotel"
	}
}, {
	"model": "Bangazon_api.producttype",
	"pk": 6,
	"fields": {
		"created": "2017-03-03T17:40:00.230Z",
		"label": "Rappers"
	}
}, {
	"model": "Bangazon_api.product",
	"pk": 1,
	"fields": {
		"created": "2017-02-28T21:39:10.576Z",
		"name": "Rum",
		"price": "15.00",
		"description": "Some Rum",
		"quantity": 10000,
		"product_type": 3,
		"customer": 1
	}
}, {
	"model": "Bangazon_api.product",
	"pk": 2,
	"fields": {
		"created": "2017-02-28T21:39:35.328Z",
		"name": "Hammer",
		"price": "122.00",
		"description": "A flat peice of steel on a stick",
		"quantity": 3000,
		"product_type": 2,
		"customer": 1
	}
}, {
	"model": "Bangazon_api.product",
	"pk": 3,
	"fields": {
		"created": "2017-02-28T21:39:54.259Z",
		"name": "Legos",
		"price": "300.00",
		"description": "Funfunfun",
		"quantity": 300,
		"product_type": 1,
		"customer": 1
	}
}, {
	"model": "Bangazon_api.product",
	"pk": 4,
	"fields": {
		"created": "2017-03-01T01:42:45.525Z",
		"name": "hamm",
		"price": "76.00",
		"description": "hjkjfkhg",
		"quantity": 57,
		"product_type": 1,
		"customer": 2
	}
}, {
	"model": "Bangazon_api.product",
	"pk": 5,
	"fields": {
		"created": "2017-03-01T17:22:37.582Z",
		"name": "DEF",
		"price": "5.00",
		"description": "dfjghlksjh",
		"quantity": 8,
		"product_type": 4,
		"customer": 2
	}
}, {
	"model": "Bangazon_api.product",
	"pk": 6,
	"fields": {
		"created": "2017-03-01T17:44:26.290Z",
		"name": "The W",
		"price": "50000000.00",
		"description": "A swanky Hotel",
		"quantity": 3,
		"product_type": 5,
		"customer": 2
	}
}, {
	"model": "Bangazon_api.product",
	"pk": 7,
	"fields": {
		"created": "2017-03-03T17:40:00.267Z",
		"name": "KillaBeez",
		"price": "8.00",
		"description": "GummyWorms",
		"quantity": 800,
		"product_type": 6,
		"customer": 1
	}
}, {
	"model": "Bangazon_api.paymenttype",
	"pk": 1,
	"fields": {
		"customer": 2,
		"payment_type": "visa",
		"account_number": "94387290384702983",
		"ccv": "878",
		"expiration_date": "01/2017"
	}
}, {
	"model": "Bangazon_api.paymenttype",
	"pk": 2,
	"fields": {
		"customer": 1,
		"payment_type": "visa",
		"account_number": "3485709328457",
		"ccv": "345",
		"expiration_date": "01/2019"
	}
}, {
	"model": "Bangazon_api.paymenttype",
	"pk": 3,
	"fields": {
		"customer": 1,
		"payment_type": "mastercard",
		"account_number": "348750324897",
		"ccv": "877",
		"expiration_date": "01/2019"
	}
}, {
	"model": "Bangazon_api.paymenttype",
	"pk": 4,
	"fields": {
		"customer": 2,
		"payment_type": "Discover",
		"account_number": "039450398475098",
		"ccv": "987",
		"expiration_date": "02/2099"
	}
}, {
	"model": "Bangazon_api.paymenttype",
	"pk": 5,
	"fields": {
		"customer": 2,
		"payment_type": "mastercard",
		"account_number": "8347509238475",
		"ccv": "987",
		"expiration_date": "04/2077"
	}
}, {
	"model": "Bangazon_api.paymenttype",
	"pk": 6,
	"fields": {
		"customer": 1,
		"payment_type": "Discover",
		"account_number": "39408753248907",
		"ccv": "876",
		"expiration_date": "02/2017"
	}
}, {
	"model": "Bangazon_api.paymenttype",
	"pk": 7,
	"fields": {
		"customer": 2,
		"payment_type": "visa",
		"account_number": "30475032987",
		"ccv": "987",
		"expiration_date": "09/2099"
	}
}, {
	"model": "Bangazon_api.order",
	"pk": 1,
	"fields": {
		"customer": 1,
		"completed": 1,
		"payment_type": null
	}
}, {
	"model": "Bangazon_api.order",
	"pk": 2,
	"fields": {
		"customer": 2,
		"completed": 1,
		"payment_type": null
	}
}, {
	"model": "Bangazon_api.order",
	"pk": 3,
	"fields": {
		"customer": 2,
		"completed": 0,
		"payment_type": null
	}
}, {
	"model": "Bangazon_api.order",
	"pk": 4,
	"fields": {
		"customer": 1,
		"completed": 1,
		"payment_type": null
	}
}, {
	"model": "Bangazon_api.order",
	"pk": 5,
	"fields": {
		"customer": 1,
		"completed": 1,
		"payment_type": null
	}
}, {
	"model": "Bangazon_api.order",
	"pk": 6,
	"fields": {
		"customer": 1,
		"completed": 1,
		"payment_type": null
	}
}, {
	"model": "Bangazon_api.order",
	"pk": 7,
	"fields": {
		"customer": 1,
		"completed": 1,
		"payment_type": null
	}
}, {
	"model": "Bangazon_api.order",
	"pk": 8,
	"fields": {
		"customer": 1,
		"completed": 1,
		"payment_type": null
	}
}, {
	"model": "Bangazon_api.order",
	"pk": 9,
	"fields": {
		"customer": 2,
		"completed": 1,
		"payment_type": null
	}
}, {
	"model": "Bangazon_api.order",
	"pk": 10,
	"fields": {
		"customer": 2,
		"completed": 1,
		"payment_type": null
	}
}, {
	"model": "Bangazon_api.order",
	"pk": 11,
	"fields": {
		"customer": 1,
		"completed": 0,
		"payment_type": null
	}
}, {
	"model": "Bangazon_api.order",
	"pk": 12,
	"fields": {
		"customer": 2,
		"completed": 0,
		"payment_type": null
	}
}, {
	"model": "Bangazon_api.order",
	"pk": 13,
	"fields": {
		"customer": 1,
		"completed": 1,
		"payment_type": 1
	}
}, {
	"model": "Bangazon_api.order",
	"pk": 14,
	"fields": {
		"customer": 1,
		"completed": 1,
		"payment_type": 1
	}
}, {
	"model": "Bangazon_api.order",
	"pk": 15,
	"fields": {
		"customer": 1,
		"completed": 1,
		"payment_type": 1
	}
}, {
	"model": "Bangazon_api.order",
	"pk": 16,
	"fields": {
		"customer": 1,
		"completed": 1,
		"payment_type": null
	}
}, {
	"model": "Bangazon_api.order",
	"pk": 17,
	"fields": {
		"customer": 1,
		"completed": 1,
		"payment_type": null
	}
}, {
	"model": "Bangazon_api.order",
	"pk": 18,
	"fields": {
		"customer": 1,
		"completed": 1,
		"payment_type": null
	}
}, {
	"model": "Bangazon_api.order",
	"pk": 19,
	"fields": {
		"customer": 1,
		"completed": 1,
		"payment_type": null
	}
}, {
	"model": "Bangazon_api.orderproduct",
	"pk": 2,
	"fields": {
		"product": 1,
		"order": 1
	}
}, {
	"model": "Bangazon_api.orderproduct",
	"pk": 3,
	"fields": {
		"product": 1,
		"order": 1
	}
}, {
	"model": "Bangazon_api.orderproduct",
	"pk": 4,
	"fields": {
		"product": 3,
		"order": 1
	}
}, {
	"model": "Bangazon_api.orderproduct",
	"pk": 5,
	"fields": {
		"product": 3,
		"order": 1
	}
}, {
	"model": "Bangazon_api.orderproduct",
	"pk": 6,
	"fields": {
		"product": 3,
		"order": 2
	}
}, {
	"model": "Bangazon_api.orderproduct",
	"pk": 7,
	"fields": {
		"product": 2,
		"order": 2
	}
}, {
	"model": "Bangazon_api.orderproduct",
	"pk": 8,
	"fields": {
		"product": 2,
		"order": 4
	}
}, {
	"model": "Bangazon_api.orderproduct",
	"pk": 9,
	"fields": {
		"product": 2,
		"order": 4
	}
}, {
	"model": "Bangazon_api.orderproduct",
	"pk": 10,
	"fields": {
		"product": 1,
		"order": 4
	}
}, {
	"model": "Bangazon_api.orderproduct",
	"pk": 11,
	"fields": {
		"product": 2,
		"order": 5
	}
}, {
	"model": "Bangazon_api.orderproduct",
	"pk": 12,
	"fields": {
		"product": 4,
		"order": 5
	}
}, {
	"model": "Bangazon_api.orderproduct",
	"pk": 13,
	"fields": {
		"product": 2,
		"order": 5
	}
}, {
	"model": "Bangazon_api.orderproduct",
	"pk": 14,
	"fields": {
		"product": 1,
		"order": 6
	}
}, {
	"model": "Bangazon_api.orderproduct",
	"pk": 15,
	"fields": {
		"product": 4,
		"order": 7
	}
}, {
	"model": "Bangazon_api.orderproduct",
	"pk": 16,
	"fields": {
		"product": 2,
		"order": 8
	}
}, {
	"model": "Bangazon_api.orderproduct",
	"pk": 17,
	"fields": {
		"product": 1,
		"order": 8
	}
}, {
	"model": "Bangazon_api.orderproduct",
	"pk": 18,
	"fields": {
		"product": 1,
		"order": 9
	}
}, {
	"model": "Bangazon_api.orderproduct",
	"pk": 19,
	"fields": {
		"product": 4,
		"order": 10
	}
}, {
	"model": "Bangazon_api.orderproduct",
	"pk": 20,
	"fields": {
		"product": 2,
		"order": 10
	}
}, {
	"model": "Bangazon_api.orderproduct",
	"pk": 21,
	"fields": {
		"product": 1,
		"order": 10
	}
}, {
	"model": "Bangazon_api.orderproduct",
	"pk": 22,
	"fields": {
		"product": 2,
		"order": 10
	}
}, {
	"model": "Bangazon_api.orderproduct",
	"pk": 23,
	"fields": {
		"product": 5,
		"order": 12
	}
}, {
	"model": "Bangazon_api.orderproduct",
	"pk": 24,
	"fields": {
		"product": 6,
		"order": 13
	}
}, {
	"model": "Bangazon_api.orderproduct",
	"pk": 25,
	"fields": {
		"product": 6,
		"order": 13
	}
}, {
	"model": "Bangazon_api.orderproduct",
	"pk": 26,
	"fields": {
		"product": 2,
		"order": 13
	}
}, {
	"model": "Bangazon_api.orderproduct",
	"pk": 27,
	"fields": {
		"product": 5,
		"order": 8
	}
}, {
	"model": "Bangazon_api.orderproduct",
	"pk": 28,
	"fields": {
		"product": 3,
		"order": 16
	}
}, {
	"model": "Bangazon_api.orderproduct",
	"pk": 29,
	"fields": {
		"product": 5,
		"order": 16
	}
}, {
	"model": "Bangazon_api.orderproduct",
	"pk": 30,
	"fields": {
		"product": 7,
		"order": 15
	}
}]